--
-- Script was generated by Devart dbForge Studio 2020 for MySQL, Version 9.0.338.0
-- Product home page: http://www.devart.com/dbforge/mysql/studio
-- Script date 4/2/2024 3:40:50 PM
-- Server version: 8.0.20
-- Client version: 4.1
--


SET NAMES 'utf8';
use myemployees1;

INSERT INTO myemployees1.departments1(department_id, department_name, manager_id, location_id) VALUES
(10, 'Adm', 200, 1700),
(20, 'Mar', 201, 1800),
(30, 'Pur', 114, 1700),
(40, 'Hum', 203, 2400),
(50, 'Shi', 121, 1500),
(60, 'IT', 103, 1400),
(70, 'Pub', 204, 2700),
(80, 'Sal', 145, 2500),
(90, 'Exe', 100, 1700),
(100, 'Fin', 108, 1700),
(110, 'Acc', 205, 1700),
(120, 'Tre', NULL, 1700),
(130, 'Cor', NULL, 1700),
(140, 'Con', NULL, 1700),
(150, 'Sha', NULL, 1700),
(160, 'Ben', NULL, 1700),
(170, 'Man', NULL, 1700),
(180, 'Con', NULL, 1700),
(190, 'Con', NULL, 1700),
(200, 'Ope', NULL, 1700),
(210, 'IT ', NULL, 1700),
(220, 'NOC', NULL, 1700),
(230, 'IT ', NULL, 1700),
(240, 'Gov', NULL, 1700),
(250, 'Ret', NULL, 1700),
(260, 'Rec', NULL, 1700),
(270, 'Pay', NULL, 1700),
(300, '新部门', 100, 1400),
(301, '新部门', 100, 1400),
(302, '新部门', 100, 1400),
(303, '新部门', 100, 1400),
(304, '新部门', 100, 1400),
(305, '新部门', 100, 1400),
(306, '新部门', 100, 1400);


INSERT INTO myemployees1.employees1(employee_id, first_name, last_name, email, phone_number, job_id, salary, commission_pct, manager_id, department_id, hiredate) VALUES
(100, 'Steven', 'K_ing', 'SKING', '515.123.4567', 'AD_PRES', 24000, NULL, NULL, 90, '1992-04-03 00:00:00'),
(101, 'Neena', 'Kochhar', 'NKOCHHAR', '515.123.4568', 'AD_VP', 17000, NULL, 100, 90, '1992-04-03 00:00:00'),
(102, 'Lex', 'De Haan', 'LDEHAAN', '515.123.4569', 'AD_VP', 17000, NULL, 100, 90, '1992-04-03 00:00:00'),
(103, 'Alexander', 'Hunold', 'AHUNOLD', '590.423.4567', 'IT_PROG', 9000, NULL, 102, 60, '1992-04-03 00:00:00'),
(104, 'Bruce', 'Ernst', 'BERNST', '590.423.4568', 'IT_PROG', 6000, NULL, 103, 60, '1992-04-03 00:00:00'),
(105, 'David', 'Austin', 'DAUSTIN', '590.423.4569', 'IT_PROG', 4800, NULL, 103, 60, '1998-03-03 00:00:00'),
(106, 'Valli', 'Pataballa', 'VPATABAL', '590.423.4560', 'IT_PROG', 4800, NULL, 103, 60, '1998-03-03 00:00:00'),
(107, 'Diana', 'Lorentz', 'DLORENTZ', '590.423.5567', 'IT_PROG', 4200, NULL, 103, 60, '1998-03-03 00:00:00'),
(108, 'Nancy', 'Greenberg', 'NGREENBE', '515.124.4569', 'FI_MGR', 12000, NULL, 101, 100, '1998-03-03 00:00:00'),
(109, 'Daniel', 'Faviet', 'DFAVIET', '515.124.4169', 'FI_ACCOUNT', 9000, NULL, 108, 100, '1998-03-03 00:00:00'),
(110, 'John', 'Chen', 'JCHEN', '515.124.4269', 'FI_ACCOUNT', 8200, NULL, 108, 100, '2000-09-09 00:00:00'),
(111, 'Ismael', 'Sciarra', '34340237@qq.com', '515.124.4369', 'FI_ACCOUNT', 10000, NULL, 108, 100, '2000-09-09 00:00:00'),
(112, 'Jose Manuel', 'Urman', 'JMURMAN', '515.124.4469', 'FI_ACCOUNT', 7800, NULL, 108, 100, '2000-09-09 00:00:00'),
(113, 'Luis', 'Popp', 'LPOPP', '515.124.4567', 'FI_ACCOUNT', 6900, NULL, 108, 100, '2000-09-09 00:00:00'),
(114, 'Den', 'Raphaely', 'DRAPHEAL', '515.127.4561', 'PU_MAN', 11000, NULL, 100, 30, '2000-09-09 00:00:00'),
(115, 'Alexander', 'Khoo', 'AKHOO', '515.127.4562', 'PU_CLERK', 3100, NULL, 114, 30, '2000-09-09 00:00:00'),
(116, 'Shelli', 'Baida', 'SBAIDA', '515.127.4563', 'PU_CLERK', 2900, NULL, 114, 30, '2000-09-09 00:00:00'),
(117, 'Sigal', 'Tobias', 'STOBIAS', '515.127.4564', 'PU_CLERK', 2800, NULL, 114, 30, '2000-09-09 00:00:00'),
(118, 'Guy', 'Himuro', 'GHIMURO', '515.127.4565', 'PU_CLERK', 2600, NULL, 114, 30, '2000-09-09 00:00:00'),
(119, 'Karen', 'Colmenares', 'KCOLMENA', '515.127.4566', 'PU_CLERK', 2500, NULL, 114, 30, '2000-09-09 00:00:00'),
(120, 'Matthew', 'Weiss', 'MWEISS', '650.123.1234', 'ST_MAN', 8000, NULL, 100, 50, '2004-02-06 00:00:00'),
(121, 'Adam', 'Fripp', 'AFRIPP', '650.123.2234', 'ST_MAN', 8200, NULL, 100, 50, '2004-02-06 00:00:00'),
(122, 'Payam', 'Kaufling', 'PKAUFLIN', '650.123.3234', 'ST_MAN', 7900, NULL, 100, 50, '2004-02-06 00:00:00'),
(123, 'Shanta', 'Vollman', 'SVOLLMAN', '650.123.4234', 'ST_MAN', 6500, NULL, 100, 50, '2004-02-06 00:00:00'),
(124, 'Kevin', 'Mourgos', 'KMOURGOS', '650.123.5234', 'ST_MAN', 5800, NULL, 100, 50, '2004-02-06 00:00:00'),
(125, 'Julia', 'Nayer', 'JNAYER', '650.124.1214', 'ST_CLERK', 3200, NULL, 120, 50, '2004-02-06 00:00:00'),
(126, 'Irene', 'Mikkilineni', 'IMIKKILI', '650.124.1224', 'ST_CLERK', 2700, NULL, 120, 50, '2004-02-06 00:00:00'),
(127, 'James', 'Landry', 'JLANDRY', '650.124.1334', 'ST_CLERK', 2400, NULL, 120, 50, '2004-02-06 00:00:00'),
(128, 'Steven', 'Markle', 'SMARKLE', '650.124.1434', 'ST_CLERK', 2200, NULL, 120, 50, '2004-02-06 00:00:00'),
(129, 'Laura', 'Bissot', 'LBISSOT', '650.124.5234', 'ST_CLERK', 3300, NULL, 121, 50, '2004-02-06 00:00:00'),
(130, 'Mozhe', 'Atkinson', 'MATKINSO', '650.124.6234', 'ST_CLERK', 2800, NULL, 121, 50, '2004-02-06 00:00:00'),
(131, 'James', 'Marlow', 'JAMRLOW', '650.124.7234', 'ST_CLERK', 2500, NULL, 121, 50, '2004-02-06 00:00:00'),
(132, 'TJ', 'Olson', 'TJOLSON', '650.124.8234', 'ST_CLERK', 2100, NULL, 121, 50, '2004-02-06 00:00:00'),
(133, 'Jason', 'Mallin', 'JMALLIN', '650.127.1934', 'ST_CLERK', 3300, NULL, 122, 50, '2004-02-06 00:00:00'),
(134, 'Michael', 'Rogers', 'MROGERS', '650.127.1834', 'ST_CLERK', 2900, NULL, 122, 50, '2002-12-23 00:00:00'),
(135, 'Ki', 'Gee', 'KGEE', '650.127.1734', 'ST_CLERK', 2400, NULL, 122, 50, '2002-12-23 00:00:00'),
(136, 'Hazel', 'Philtanker', 'HPHILTAN', '650.127.1634', 'ST_CLERK', 2200, NULL, 122, 50, '2002-12-23 00:00:00'),
(137, 'Renske', 'Ladwig', 'RLADWIG', '650.121.1234', 'ST_CLERK', 3600, NULL, 123, 50, '2002-12-23 00:00:00'),
(138, 'Stephen', 'Stiles', 'SSTILES', '650.121.2034', 'ST_CLERK', 3200, NULL, 123, 50, '2002-12-23 00:00:00'),
(139, 'John', 'Seo', 'JSEO', '650.121.2019', 'ST_CLERK', 2700, NULL, 123, 50, '2002-12-23 00:00:00'),
(140, 'Joshua', 'Patel', 'JPATEL', '650.121.1834', 'ST_CLERK', 2500, NULL, 123, 50, '2002-12-23 00:00:00'),
(141, 'Trenna', 'Rajs', 'TRAJS', '650.121.8009', 'ST_CLERK', 3500, NULL, 124, 50, '2002-12-23 00:00:00'),
(142, 'Curtis', 'Davies', 'CDAVIES', '650.121.2994', 'ST_CLERK', 3100, NULL, 124, 50, '2002-12-23 00:00:00'),
(143, 'Randall', 'Matos', 'RMATOS', '650.121.2874', 'ST_CLERK', 2600, NULL, 124, 50, '2002-12-23 00:00:00'),
(144, 'Peter', 'Vargas', 'PVARGAS', '650.121.2004', 'ST_CLERK', 2500, NULL, 124, 50, '2002-12-23 00:00:00'),
(145, 'John', 'Russell', 'JRUSSEL', '011.44.1344.429268', 'SA_MAN', 14000, 0.4, 100, 80, '2002-12-23 00:00:00'),
(146, 'Karen', 'Partners', 'KPARTNER', '011.44.1344.467268', 'SA_MAN', 13500, 0.3, 100, 80, '2002-12-23 00:00:00'),
(147, 'Alberto', 'Errazuriz', 'AERRAZUR', '011.44.1344.429278', 'SA_MAN', 12000, 0.3, 100, 80, '2002-12-23 00:00:00'),
(148, 'Gerald', 'Cambrault', 'GCAMBRAU', '011.44.1344.619268', 'SA_MAN', 11000, 0.3, 100, 80, '2002-12-23 00:00:00'),
(149, 'Eleni', 'Zlotkey', 'EZLOTKEY', '011.44.1344.429018', 'SA_MAN', 10500, 0.2, 100, 80, '2002-12-23 00:00:00'),
(150, 'Peter', 'Tucker', 'PTUCKER', '011.44.1344.129268', 'SA_REP', 10000, 0.3, 145, 80, '2014-03-05 00:00:00'),
(151, 'David', 'Bernstein', 'DBERNSTE', '011.44.1344.345268', 'SA_REP', 9500, 0.25, 145, 80, '2014-03-05 00:00:00'),
(152, 'Peter', 'Hall', 'PHALL', '011.44.1344.478968', 'SA_REP', 9000, 0.25, 145, 80, '2014-03-05 00:00:00'),
(153, 'Christopher', 'Olsen', 'COLSEN', '011.44.1344.498718', 'SA_REP', 8000, 0.2, 145, 80, '2014-03-05 00:00:00'),
(154, 'Nanette', 'Cambrault', 'NCAMBRAU', '011.44.1344.987668', 'SA_REP', 7500, 0.2, 145, 80, '2014-03-05 00:00:00'),
(155, 'Oliver', 'Tuvault', 'OTUVAULT', '011.44.1344.486508', 'SA_REP', 7000, 0.15, 145, 80, '2014-03-05 00:00:00'),
(156, 'Janette', 'K_ing', 'JKING', '011.44.1345.429268', 'SA_REP', 10000, 0.35, 146, 80, '2014-03-05 00:00:00'),
(157, 'Patrick', 'Sully', 'PSULLY', '011.44.1345.929268', 'SA_REP', 9500, 0.35, 146, 80, '2014-03-05 00:00:00'),
(158, 'Allan', 'McEwen', 'AMCEWEN', '011.44.1345.829268', 'SA_REP', 9000, 0.35, 146, 80, '2014-03-05 00:00:00'),
(159, 'Lindsey', 'Smith', 'LSMITH', '011.44.1345.729268', 'SA_REP', 8000, 0.3, 146, 80, '2014-03-05 00:00:00'),
(160, 'Louise', 'Doran', 'LDORAN', '011.44.1345.629268', 'SA_REP', 7500, 0.3, 146, 80, '2014-03-05 00:00:00'),
(161, 'Sarath', 'Sewall', 'SSEWALL', '011.44.1345.529268', 'SA_REP', 7000, 0.25, 146, 80, '2014-03-05 00:00:00'),
(162, 'Clara', 'Vishney', 'CVISHNEY', '011.44.1346.129268', 'SA_REP', 10500, 0.25, 147, 80, '2014-03-05 00:00:00'),
(163, 'Danielle', 'Greene', 'DGREENE', '011.44.1346.229268', 'SA_REP', 9500, 0.15, 147, 80, '2014-03-05 00:00:00'),
(164, 'Mattea', 'Marvins', 'MMARVINS', '011.44.1346.329268', 'SA_REP', 7200, 0.1, 147, 80, '2014-03-05 00:00:00'),
(165, 'David', 'Lee', 'DLEE', '011.44.1346.529268', 'SA_REP', 6800, 0.1, 147, 80, '2014-03-05 00:00:00'),
(166, 'Sundar', 'Ande', 'SANDE', '011.44.1346.629268', 'SA_REP', 6400, 0.1, 147, 80, '2014-03-05 00:00:00'),
(167, 'Amit', 'Banda', 'ABANDA', '011.44.1346.729268', 'SA_REP', 6200, 0.1, 147, 80, '2014-03-05 00:00:00'),
(168, 'Lisa', 'Ozer', 'LOZER', '011.44.1343.929268', 'SA_REP', 11500, 0.25, 148, 80, '2014-03-05 00:00:00'),
(169, 'Harrison', 'Bloom', 'HBLOOM', '011.44.1343.829268', 'SA_REP', 10000, 0.2, 148, 80, '2014-03-05 00:00:00'),
(170, 'Tayler', 'Fox', 'TFOX', '011.44.1343.729268', 'SA_REP', 9600, 0.2, 148, 80, '2014-03-05 00:00:00'),
(171, 'William', 'Smith', 'WSMITH', '011.44.1343.629268', 'SA_REP', 7400, 0.15, 148, 80, '2014-03-05 00:00:00'),
(172, 'Elizabeth', 'Bates', 'EBATES', '011.44.1343.529268', 'SA_REP', 7300, 0.15, 148, 80, '2014-03-05 00:00:00'),
(173, 'Sundita', 'Kumar', 'SKUMAR', '011.44.1343.329268', 'SA_REP', 6100, 0.1, 148, 80, '2014-03-05 00:00:00'),
(174, 'Ellen', 'Abel', 'EABEL', '011.44.1644.429267', 'SA_REP', 11000, 0.3, 149, 80, '2014-03-05 00:00:00'),
(175, 'Alyssa', 'Hutton', 'AHUTTON', '011.44.1644.429266', 'SA_REP', 8800, 0.25, 149, 80, '2014-03-05 00:00:00'),
(176, 'Jonathon', 'Taylor', 'JTAYLOR', '011.44.1644.429265', 'SA_REP', 8600, 0.2, 149, 80, '2014-03-05 00:00:00'),
(177, 'Jack', 'Livingston', 'JLIVINGS', '011.44.1644.429264', 'SA_REP', 8400, 0.2, 149, 80, '2014-03-05 00:00:00'),
(178, 'Kimberely', 'Grant', 'KGRANT', '011.44.1644.429263', 'SA_REP', 7000, 0.15, 149, NULL, '2014-03-05 00:00:00'),
(179, 'Charles', 'Johnson', 'CJOHNSON', '011.44.1644.429262', 'SA_REP', 6200, 0.1, 149, 80, '2014-03-05 00:00:00'),
(180, 'Winston', 'Taylor', 'WTAYLOR', '650.507.9876', 'SH_CLERK', 3200, NULL, 120, 50, '2014-03-05 00:00:00'),
(181, 'Jean', 'Fleaur', 'JFLEAUR', '650.507.9877', 'SH_CLERK', 3100, NULL, 120, 50, '2014-03-05 00:00:00'),
(182, 'Martha', 'Sullivan', 'MSULLIVA', '650.507.9878', 'SH_CLERK', 2500, NULL, 120, 50, '2014-03-05 00:00:00'),
(183, 'Girard', 'Geoni', 'GGEONI', '650.507.9879', 'SH_CLERK', 2800, NULL, 120, 50, '2014-03-05 00:00:00'),
(184, 'Nandita', 'Sarchand', 'NSARCHAN', '650.509.1876', 'SH_CLERK', 4200, NULL, 121, 50, '2014-03-05 00:00:00'),
(185, 'Alexis', 'Bull', 'ABULL', '650.509.2876', 'SH_CLERK', 4100, NULL, 121, 50, '2014-03-05 00:00:00'),
(186, 'Julia', 'Dellinger', 'JDELLING', '650.509.3876', 'SH_CLERK', 3400, NULL, 121, 50, '2014-03-05 00:00:00'),
(187, 'Anthony', 'Cabrio', 'ACABRIO', '650.509.4876', 'SH_CLERK', 3000, NULL, 121, 50, '2014-03-05 00:00:00'),
(188, 'Kelly', 'Chung', 'KCHUNG', '650.505.1876', 'SH_CLERK', 3800, NULL, 122, 50, '2014-03-05 00:00:00'),
(189, 'Jennifer', 'Dilly', 'JDILLY', '650.505.2876', 'SH_CLERK', 3600, NULL, 122, 50, '2014-03-05 00:00:00'),
(190, 'Timothy', 'Gates', 'TGATES', '650.505.3876', 'SH_CLERK', 2900, NULL, 122, 50, '2014-03-05 00:00:00'),
(191, 'Randall', 'Perkins', 'RPERKINS', '650.505.4876', 'SH_CLERK', 2500, NULL, 122, 50, '2014-03-05 00:00:00'),
(192, 'Sarah', 'Bell', 'SBELL', '650.501.1876', 'SH_CLERK', 4000, NULL, 123, 50, '2014-03-05 00:00:00'),
(193, 'Britney', 'Everett', 'BEVERETT', '650.501.2876', 'SH_CLERK', 3900, NULL, 123, 50, '2014-03-05 00:00:00'),
(194, 'Samuel', 'McCain', 'SMCCAIN', '650.501.3876', 'SH_CLERK', 3200, NULL, 123, 50, '2014-03-05 00:00:00'),
(195, 'Vance', 'Jones', 'VJONES', '650.501.4876', 'SH_CLERK', 2800, NULL, 123, 50, '2014-03-05 00:00:00'),
(196, 'Alana', 'Walsh', 'AWALSH', '650.507.9811', 'SH_CLERK', 3100, NULL, 124, 50, '2014-03-05 00:00:00'),
(197, 'Kevin', 'Feeney', 'KFEENEY', '650.507.9822', 'SH_CLERK', 3000, NULL, 124, 50, '2014-03-05 00:00:00'),
(198, 'Donald', 'OConnell', 'DOCONNEL', '650.507.9833', 'SH_CLERK', 2600, NULL, 124, 50, '2014-03-05 00:00:00'),
(199, 'Douglas', 'Grant', 'DGRANT', '650.507.9844', 'SH_CLERK', 2600, NULL, 124, 50, '2014-03-05 00:00:00'),
(200, 'Jennifer', 'Whalen', 'JWHALEN', '515.123.4444', 'AD_ASST', 4400, NULL, 101, 10, '2016-03-03 00:00:00'),
(201, 'Michael', 'Hartstein', 'MHARTSTE', '515.123.5555', 'MK_MAN', 13000, NULL, 100, 20, '2016-03-03 00:00:00'),
(202, 'Pat', 'Fay', 'PFAY', '603.123.6666', 'MK_REP', 6000, NULL, 201, 20, '2016-03-03 00:00:00'),
(203, 'Susan', 'Mavris', 'SMAVRIS', '515.123.7777', 'HR_REP', 6500, NULL, 101, 40, '2016-03-03 00:00:00'),
(204, 'Hermann', 'Baer', 'HBAER', '515.123.8888', 'PR_REP', 10000, NULL, 101, 70, '2016-03-03 00:00:00'),
(205, 'Shelley', 'Higgins', 'SHIGGINS', '515.123.8080', 'AC_MGR', 12000, NULL, 101, 110, '2016-03-03 00:00:00'),
(206, 'William', 'Gietz', 'WGIETZ', '515.123.8181', 'AC_ACCOUNT', 8300, NULL, 205, 110, '2016-03-03 00:00:00'),
(209, '侯', '七', '', '', NULL, NULL, NULL, NULL, 10, '2024-03-13 00:01:10'),
(212, '张', '三', 'zhangsan.qq.com', '12321312', 'AD_PRES', 4000, NULL, 100, 90, '2024-01-02 00:00:00'),
(216, '张', '友人', NULL, '88888888', 'AD_PRES', 5689, NULL, NULL, NULL, NULL);


INSERT INTO myemployees.goods(goods_id, name, price, type_id, image_url, status, stock, details, add_time, on_sale_time, off_sale_time) VALUES
(1, '疯狂Java讲义', 59.90, 1, 'http://xxx.com/image1.jpg', 1, 500, '这是一本深入剖析Java编程技巧的图书。', '2024-03-14 21:52:12', '2024-03-14 21:52:12', NULL),
(2, '21天精通Java', 89.90, 1, 'http://xxx.com/image2.jpg', 3, 300, '这是一本适合初学者的Java入门图书。', '2024-03-14 21:52:12', '2024-03-14 21:52:12', '2024-03-14 21:52:12'),
(3, '测试商品', 99.90, 1, 'http://xxx.com/image3.jpg', 1, 100, '这是一款测试商品。', '2024-03-14 22:02:12', '2024-03-14 22:02:12', NULL);


INSERT INTO myemployees.grade(grade_id, grade_name) VALUES
(1, 'dl2405');


INSERT INTO myemployees1.jobs(job_id, job_title, min_salary, max_salary) VALUES
('AC_ACCOUNT', 'Public Accountant', 4200, 9000),
('AC_MGR', 'Accounting Manager', 8200, 16000),
('AD_ASST', 'Administration Assistant', 3000, 6000),
('AD_PRES', 'President', 20000, 40000),
('AD_VP', 'Administration Vice President', 15000, 30000),
('FI_ACCOUNT', 'Accountant', 4200, 9000),
('FI_MGR', 'Finance Manager', 8200, 16000),
('HR_REP', 'Human Resources Representative', 4000, 9000),
('IT_PROG', 'Programmer', 4000, 10000),
('MK_MAN', 'Marketing Manager', 9000, 15000),
('MK_REP', 'Marketing Representative', 4000, 9000),
('PR_REP', 'Public Relations Representative', 4500, 10500),
('PU_CLERK', 'Purchasing Clerk', 2500, 5500),
('PU_MAN', 'Purchasing Manager', 8000, 15000),
('SA_MAN', 'Sales Manager', 10000, 20000),
('SA_REP', 'Sales Representative', 6000, 12000),
('SH_CLERK', 'Shipping Clerk', 2500, 5500),
('ST_CLERK', 'Stock Clerk', 2000, 5000),
('ST_MAN', 'Stock Manager', 5500, 8500);


INSERT INTO myemployees1.locations(location_id, street_address, postal_code, city, state_province, country_id) VALUES
(1000, '1297 Via Cola di Rie', '00989', 'Roma', NULL, 'IT'),
(1100, '93091 Calle della Testa', '10934', 'Venice', NULL, 'IT'),
(1200, '2017 Shinjuku-ku', '1689', 'Tokyo', 'Tokyo Prefecture', 'JP'),
(1300, '9450 Kamiya-cho', '6823', 'Hiroshima', NULL, 'JP'),
(1400, '2014 Jabberwocky Rd', '26192', 'Southlake', 'Texas', 'US'),
(1500, '2011 Interiors Blvd', '99236', 'South San Francisco', 'California', 'US'),
(1600, '2007 Zagora St', '50090', 'South Brunswick', 'New Jersey', 'US'),
(1700, '2004 Charade Rd', '98199', 'Seattle', 'Washington', 'US'),
(1800, '147 Spadina Ave', 'M5V 2L7', 'Toronto', 'Ontario', 'CA'),
(1900, '6092 Boxwood St', 'YSW 9T2', 'Whitehorse', 'Yukon', 'CA'),
(2000, '40-5-12 Laogianggen', '190518', 'Beijing', NULL, 'CN'),
(2100, '1298 Vileparle (E)', '490231', 'Bombay', 'Maharashtra', 'IN'),
(2200, '12-98 Victoria Street', '2901', 'Sydney', 'New South Wales', 'AU'),
(2300, '198 Clementi North', '540198', 'Singapore', NULL, 'SG'),
(2400, '8204 Arthur St', NULL, 'London', NULL, 'UK'),
(2500, 'Magdalen Centre, The Oxford Science Park', 'OX9 9ZB', 'Oxford', 'Oxford', 'UK'),
(2600, '9702 Chester Road', '09629850293', 'Stretford', 'Manchester', 'UK'),
(2700, 'Schwanthalerstr. 7031', '80925', 'Munich', 'Bavaria', 'DE'),
(2800, 'Rua Frei Caneca 1360 ', '01307-002', 'Sao Paulo', 'Sao Paulo', 'BR'),
(2900, '20 Rue des Corps-Saints', '1730', 'Geneva', 'Geneve', 'CH'),
(3000, 'Murtenstrasse 921', '3095', 'Bern', 'BE', 'CH'),
(3100, 'Pieter Breughelstraat 837', '3029SK', 'Utrecht', 'Utrecht', 'NL'),
(3200, 'Mariano Escobedo 9991', '11932', 'Mexico City', 'Distrito Federal,', 'MX');


INSERT INTO myemployees.student(sno, sname, start_year, birth, grade, gender) VALUES
(1, 'aaa', 2024, '2024-03-13', NULL, ''),
(3, 'aaa', 2018, '2024-03-13', 1, '');


INSERT INTO myemployees.type(type_id, name) VALUES
(1, '技术书籍'),
(2, '文学书籍'),
(3, '科普书籍'),
(4, '儿童书籍');





INSERT INTO myemployees.users(user_id, username, password, phone, email, avatar_url, status, role, balance) VALUES
(1, '张三', '123456', '13812345678', NULL, NULL, 1, 1, NULL),
(2, '李四', '666666', '13987654321', NULL, NULL, 1, 1, NULL),
(3, '王五', 'abcdef', '15098765432', NULL, NULL, 1, 1, NULL),
(4, '赵六', 'qwerty', '18812345678', NULL, NULL, 1, 1, NULL),
(5, '注册用户', '123456', '138xxxxxxxx', NULL, NULL, 1, 1, NULL);